Date,Open,High,Low,Close,Adj Close,Volume
2021-01-04,23.040001,29.190001,22.559999,26.969999,26.969999,0
2021-01-05,26.940001,28.6,24.799999,25.34,25.34,0
2021-01-06,25.48,26.77,22.139999,25.07,25.07,0
2021-01-07,23.67,23.91,22.25,22.370001,22.370001,0
2021-01-08,22.43,23.34,21.42,21.559999,21.559999,0
2021-01-11,23.309999,24.809999,23.23,24.08,24.08,0
2021-01-12,23.49,25.15,22.83,23.33,23.33,0
2021-01-13,23.07,24.18,21.92,22.209999,22.209999,0
2021-01-14,22.219999,23.469999,21.66,23.25,23.25,0
2021-01-15,23.52,25.799999,23.08,24.34,24.34,0
2021-01-18,null,null,null,null,null,null
2021-01-19,23.030001,23.559999,22.530001,23.24,23.24,0
2021-01-20,22.82,22.860001,21.370001,21.58,21.58,0
2021-01-21,21.34,22.219999,21.09,21.32,21.32,0
2021-01-22,22.24,23.73,21.27,21.91,21.91,0
2021-01-25,22.309999,26.629999,22.200001,23.190001,23.190001,0
2021-01-26,23.91,23.940001,22.549999,23.02,23.02,0
2021-01-27,23.82,37.209999,23.709999,37.209999,37.209999,0
2021-01-28,33.25,36.290001,27.389999,30.209999,30.209999,0
2021-01-29,35.16,37.509998,29.24,33.09,33.09,0
2021-02-01,31.450001,33.959999,29.030001,30.24,30.24,0
2021-02-02,28.01,28.08,25.309999,25.559999,25.559999,0
2021-02-03,24.59,25.43,22.91,22.91,22.91,0
2021-02-04,23.440001,23.440001,21.68,21.77,21.77,0
2021-02-05,21.99,22.16,20.860001,20.870001,20.870001,0
2021-02-08,21.889999,22.07,21.23,21.24,21.24,0
2021-02-09,21.57,22.26,20.65,21.629999,21.629999,0
2021-02-10,21.639999,23.85,19.690001,21.99,21.99,0
2021-02-11,22.09,23.25,21.110001,21.25,21.25,0
2021-02-12,21.6,22.450001,19.950001,19.969999,19.969999,0
2021-02-15,null,null,null,null,null,null
2021-02-16,21.129999,22.459999,20.879999,21.459999,21.459999,0
2021-02-17,22.02,23.440001,21.09,21.5,21.5,0
2021-02-18,21.98,24.23,21.799999,22.49,22.49,0
2021-02-19,23.1,23.190001,20.84,22.049999,22.049999,0
2021-02-22,24.459999,25.09,21.959999,23.450001,23.450001,0
2021-02-23,22.82,27.01,22.5,23.110001,23.110001,0
2021-02-24,23.76,25.040001,21.309999,21.34,21.34,0
2021-02-25,21.73,31.16,21.52,28.889999,28.889999,0
2021-02-26,28.73,30.82,25.23,27.950001,27.950001,0
2021-03-01,25.200001,25.389999,23.17,23.35,23.35,0
2021-03-02,23.58,24.6,22.799999,24.1,24.1,0
2021-03-03,22.799999,26.790001,22.450001,26.67,26.67,0
2021-03-04,26.52,31.9,24.93,28.57,28.57,0
2021-03-05,29.48,30.030001,24.33,24.66,24.66,0
2021-03-08,27.610001,28.389999,24.07,25.469999,25.469999,0
2021-03-09,25.110001,25.25,22.9,24.030001,24.030001,0
2021-03-10,23.76,23.870001,22.379999,22.559999,22.559999,0
2021-03-11,22.5,22.5,21.450001,21.91,21.91,0
2021-03-12,22.57,22.99,20.629999,20.690001,20.690001,0
2021-03-15,21.84,21.860001,19.870001,20.030001,20.030001,0
2021-03-16,20.139999,20.309999,19.33,19.790001,19.790001,0
2021-03-17,20.1,20.950001,19.18,19.23,19.23,0
2021-03-18,18.950001,22.6,18.950001,21.58,21.58,0
2021-03-19,21.43,23.17,19.9,20.950001,20.950001,0
2021-03-22,21.91,22.290001,18.870001,18.879999,18.879999,0
2021-03-23,19.459999,21.58,18.799999,20.299999,20.299999,0
2021-03-24,20.639999,21.49,19.299999,21.200001,21.200001,0
2021-03-25,20.799999,23.549999,19.809999,19.809999,19.809999,0
2021-03-26,19.32,21.49,18.68,18.860001,18.860001,0
2021-03-29,20.4,21.6,19.42,20.74,20.74,0
2021-03-30,20.76,21.75,19.469999,19.610001,19.610001,0
2021-03-31,19.799999,20.110001,18.85,19.4,19.4,0
2021-04-01,18.6,18.639999,17.290001,17.33,17.33,0
2021-04-02,null,null,null,null,null,null
2021-04-05,18.16,18.4,17.35,17.91,17.91,0
2021-04-06,18.07,18.299999,17.370001,18.120001,18.120001,0
2021-04-07,17.99,18.17,16.870001,17.16,17.16,0
2021-04-08,16.92,17.360001,16.549999,16.950001,16.950001,0
2021-04-09,17.049999,17.34,16.200001,16.690001,16.690001,0
2021-04-12,17.43,17.91,16.809999,16.91,16.91,0
2021-04-13,16.99,17.860001,16.43,16.65,16.65,0
2021-04-14,16.709999,17.690001,15.38,16.99,16.99,0
2021-04-15,16.780001,16.92,15.94,16.57,16.57,0
2021-04-16,16.65,16.879999,16.049999,16.25,16.25,0
2021-04-19,17.040001,18.610001,16.780001,17.290001,17.290001,0
2021-04-20,17.360001,19.700001,17.24,18.68,18.68,0
2021-04-21,18.48,19.290001,16.91,17.5,17.5,0
2021-04-22,17.280001,19.9,16.99,18.709999,18.709999,0
2021-04-23,18.559999,18.780001,16.799999,17.33,17.33,0
2021-04-26,17.940001,18.17,16.870001,17.639999,17.639999,0
2021-04-27,17.620001,18.16,16.969999,17.559999,17.559999,0
2021-04-28,17.469999,17.84,16.67,17.280001,17.280001,0
2021-04-29,16.879999,18.870001,16.77,17.610001,17.610001,0
2021-04-30,17.67,19.25,17.639999,18.610001,18.610001,0
2021-05-03,18.65,19.120001,17.799999,18.309999,18.309999,0
2021-05-04,18.16,21.85,18.110001,19.48,19.48,0
2021-05-05,18.84,19.58,17.889999,19.15,19.15,0
2021-05-06,18.41,20.6,18.209999,18.389999,18.389999,0
2021-05-07,18.450001,18.57,16.68,16.690001,16.690001,0
2021-05-10,17.34,19.75,17.07,19.66,19.66,0
2021-05-11,21.17,23.73,20.709999,21.84,21.84,0
2021-05-12,22.42,28.379999,21.66,27.59,27.59,0
2021-05-13,26.030001,28.93,22.23,23.129999,23.129999,0
2021-05-14,21.77,22.1,18.66,18.809999,18.809999,0
2021-05-17,19.889999,21.58,19.67,19.719999,19.719999,0
2021-05-18,18.889999,21.450001,18.809999,21.34,21.34,0
2021-05-19,22.459999,25.959999,21.879999,22.18,22.18,0
2021-05-20,22.33,23.5,20.190001,20.67,20.67,0
2021-05-21,20.42,20.889999,19.530001,20.15,20.15,0
2021-05-24,20.5,20.51,18.379999,18.4,18.4,0
2021-05-25,18.35,19.290001,16.870001,18.84,18.84,0
2021-05-26,18.370001,18.92,17.35,17.360001,17.360001,0
2021-05-27,18.030001,18.17,16.52,16.74,16.74,0
2021-05-28,16.799999,16.860001,15.9,16.76,16.76,0
2021-05-31,null,null,null,null,null,null
2021-06-01,17.24,18.530001,15.68,17.9,17.9,0
2021-06-02,17.860001,18.309999,16.74,17.48,17.48,0
2021-06-03,17.73,19.27,17.450001,18.040001,18.040001,0
2021-06-04,18.09,18.42,16.18,16.42,16.42,0
2021-06-07,17.34,17.35,15.78,16.42,16.42,0
2021-06-08,16.58,17.75,15.15,17.07,17.07,0
2021-06-09,17.18,17.959999,15.55,17.889999,17.889999,0
2021-06-10,18.18,18.290001,16.01,16.1,16.1,0
2021-06-11,16.18,16.200001,15.15,15.65,15.65,0
2021-06-14,16.040001,17.040001,15.04,16.389999,16.389999,0
2021-06-15,16.27,17.35,16.139999,17.02,17.02,0
2021-06-16,16.99,19.110001,16.42,18.15,18.15,0
2021-06-17,18.49,19.219999,16.709999,17.75,17.75,0
2021-06-18,16.959999,21.040001,16.92,20.700001,20.700001,0
2021-06-21,21.74,21.82,17.809999,17.889999,17.889999,0
2021-06-22,17.91,18.32,15.76,16.66,16.66,0
2021-06-23,16.25,16.84,14.86,16.32,16.32,0
2021-06-24,15.99,16.049999,14.19,15.97,15.97,0
2021-06-25,16.040001,16.17,15.21,15.62,15.62,0
2021-06-28,16.07,16.459999,15.39,15.76,15.76,0
2021-06-29,15.69,16.309999,14.1,16.02,16.02,0
2021-06-30,16.18,17.309999,15.58,15.83,15.83,0
2021-07-01,15.62,16.01,15.31,15.48,15.48,0
2021-07-02,15.53,15.54,14.25,15.07,15.07,0
2021-07-05,null,null,null,null,null,null
2021-07-06,15.77,17.940001,15.73,16.440001,16.440001,0
2021-07-07,16.43,17.639999,16.08,16.200001,16.200001,0
2021-07-08,17.74,21.290001,17.74,19,19,0
2021-07-09,17.879999,18.129999,16.08,16.18,16.18,0
2021-07-12,16.85,17.52,16.139999,16.17,16.17,0
2021-07-13,16.389999,17.23,15.94,17.120001,17.120001,0
2021-07-14,17.34,17.51,15.95,16.33,16.33,0
2021-07-15,16.700001,18.09,16.559999,17.01,17.01,0
2021-07-16,16.799999,18.700001,16.030001,18.450001,18.450001,0
2021-07-19,19.610001,25.09,19.27,22.5,22.5,0
2021-07-20,20.889999,22.969999,19.370001,19.73,19.73,0
2021-07-21,19.73,19.82,17.809999,17.91,17.91,0
2021-07-22,17.59,18.450001,17.4,17.690001,17.690001,0
2021-07-23,16.98,17.48,16.33,17.200001,17.200001,0
2021-07-26,18.67,19.389999,17.530001,17.58,17.58,0
2021-07-27,18.620001,20.440001,18.25,19.360001,19.360001,0
2021-07-28,19.41,19.620001,17.52,18.309999,18.309999,0
2021-07-29,17.91,18.01,17.190001,17.700001,17.700001,0
2021-07-30,19.690001,19.719999,17.530001,18.24,18.24,0
2021-08-02,18.16,19.870001,17.99,19.459999,19.459999,0
2021-08-03,19.17,20.440001,17.700001,18.040001,18.040001,0
2021-08-04,18.23,18.9,17.67,17.969999,17.969999,0
2021-08-05,17.73,17.84,17.23,17.280001,17.280001,0
2021-08-06,17.459999,17.5,16.139999,16.15,16.15,0
2021-08-09,17.120001,17.389999,16.59,16.719999,16.719999,0
2021-08-10,16.82,17.049999,16.34,16.790001,16.790001,0
2021-08-11,16.809999,17.09,16.07,16.17,16.17,0
2021-08-12,16.33,16.42,15.49,15.59,15.59,0
2021-08-13,15.68,15.72,15.19,15.45,15.45,0
2021-08-16,17.049999,17.709999,16.02,16.120001,16.120001,0
2021-08-17,17.309999,19.559999,16.709999,17.91,17.91,0
2021-08-18,17.559999,21.639999,17.309999,21.57,21.57,0
2021-08-19,23.120001,24.74,20.370001,21.67,21.67,0
2021-08-20,22.74,23.9,18.18,18.559999,18.559999,0
2021-08-23,18.83,18.950001,16.950001,17.15,17.15,0
2021-08-24,16.959999,17.51,16.940001,17.219999,17.219999,0
2021-08-25,17.42,17.5,16.459999,16.790001,16.790001,0
2021-08-26,17.459999,19.27,17.16,18.84,18.84,0
2021-08-27,17.950001,18.219999,16.110001,16.389999,16.389999,0
2021-08-30,16.77,16.799999,15.98,16.190001,16.190001,0
2021-08-31,15.98,17.07,15.91,16.48,16.48,0
2021-09-01,16.059999,16.709999,15.68,16.110001,16.110001,0
2021-09-02,16.27,16.98,15.73,16.41,16.41,0
2021-09-03,16.27,17.059999,16.08,16.41,16.41,0
2021-09-06,null,null,null,null,null,null
2021-09-07,16.940001,18.389999,16.889999,18.139999,18.139999,0
2021-09-08,18.969999,19.639999,17.780001,17.959999,17.959999,0
2021-09-09,19.440001,19.540001,17.17,18.799999,18.799999,0
2021-09-10,17.940001,21.129999,16.99,20.950001,20.950001,0
2021-09-13,19.639999,21.18,18.76,19.370001,19.370001,0
2021-09-14,19.58,20.469999,18.389999,19.459999,19.459999,0
2021-09-15,19.299999,20.27,18.01,18.18,18.18,0
2021-09-16,18.41,19.76,17.65,18.690001,18.690001,0
2021-09-17,18.370001,21.51,18.35,20.809999,20.809999,0
2021-09-20,24.25,28.790001,23.9,25.709999,25.709999,0
2021-09-21,23.41,25.6,21.709999,24.360001,24.360001,0
2021-09-22,22.719999,23.4,20.75,20.870001,20.870001,0
2021-09-23,19.91,20.209999,18.42,18.629999,18.629999,0
2021-09-24,19.33,20.41,17.629999,17.75,17.75,0
2021-09-27,17.780001,19.32,17.74,18.76,18.76,0
2021-09-28,19.74,24.82,19.709999,23.25,23.25,0
2021-09-29,22.07,23.790001,21.450001,22.559999,22.559999,0
2021-09-30,21.48,24.709999,20.6,23.139999,23.139999,0
2021-10-01,24.780001,24.889999,20.85,21.1,21.1,0
2021-10-04,22.9,24.58,21.879999,22.959999,22.959999,0
2021-10-05,22.92,23.17,20.620001,21.299999,21.299999,0
2021-10-06,22.950001,24.4,20.99,21,21,0
2021-10-07,20.540001,20.76,19.07,19.540001,19.540001,0
2021-10-08,19.459999,19.940001,18.200001,18.77,18.77,0
2021-10-11,19.93,20.450001,18.110001,20,20,0
2021-10-12,20.620001,20.809999,18.969999,19.85,19.85,0
2021-10-13,20.139999,20.23,18.440001,18.639999,18.639999,0
2021-10-14,18.01,18.08,16.799999,16.860001,16.860001,0
2021-10-15,16.639999,16.85,15.72,16.299999,16.299999,0
2021-10-18,17.290001,17.93,16.27,16.309999,16.309999,0
2021-10-19,16.09,16.309999,15.57,15.7,15.7,0
2021-10-20,15.82,15.89,15.29,15.49,15.49,0
2021-10-21,16.059999,16.110001,14.92,15.01,15.01,0
2021-10-22,15.35,16.389999,14.84,15.43,15.43,0
2021-10-25,16.139999,16.33,15.1,15.24,15.24,0
2021-10-26,15.02,16.709999,14.9,15.98,15.98,0
2021-10-27,15.79,17.290001,15.54,16.98,16.98,0
2021-10-28,17.059999,17.16,16.23,16.530001,16.530001,0
2021-10-29,17.4,18.059999,16.129999,16.26,16.26,0
2021-11-01,16.85,17.700001,16.32,16.41,16.41,0
2021-11-02,16.540001,16.65,15.89,16.030001,16.030001,0
2021-11-03,16.110001,16.389999,14.9,15.1,15.1,0
2021-11-04,15.06,16.139999,14.73,15.44,15.44,0
2021-11-05,15.59,17.02,14.95,16.48,16.48,0
2021-11-08,17.23,17.690001,16.440001,17.219999,17.219999,0
2021-11-09,17.43,18.57,17.209999,17.780001,17.780001,0
2021-11-10,17.74,19.9,17.219999,18.73,18.73,0
2021-11-11,18.34,18.389999,17.27,17.66,17.66,0
2021-11-12,17.49,17.690001,16.15,16.290001,16.290001,0
2021-11-15,17.030001,17.459999,16.49,16.49,16.49,0
2021-11-16,16.860001,17.08,16.030001,16.370001,16.370001,0
2021-11-17,16.360001,17.190001,16.280001,17.110001,17.110001,0
2021-11-18,16.809999,18.15,16.379999,17.59,17.59,0
2021-11-19,17.360001,19.01,17.23,17.91,17.91,0
2021-11-22,18.200001,19.59,17.35,19.17,19.17,0
2021-11-23,20.24,20.91,19.030001,19.379999,19.379999,0
2021-11-24,19.17,20.959999,18.52,18.58,18.58,0
2021-11-25,null,null,null,null,null,null
2021-11-26,26.620001,28.99,23.879999,28.620001,28.620001,0
2021-11-29,25.309999,25.690001,21.709999,22.959999,22.959999,0
2021-11-30,26.23,28.559999,23.709999,27.190001,27.190001,0
2021-12-01,24.92,32.610001,22.379999,31.120001,31.120001,0
2021-12-02,29.440001,30.68,27.15,27.950001,27.950001,0
2021-12-03,26.950001,35.32,25.889999,30.67,30.67,0
2021-12-06,28.99,30.82,26.75,27.18,27.18,0
2021-12-07,24.58,24.690001,21.58,21.889999,21.889999,0
2021-12-08,21.74,23.110001,19.85,19.9,19.9,0
2021-12-09,20.309999,22.120001,19.940001,21.58,21.58,0
2021-12-10,21.27,21.299999,18.690001,18.690001,18.690001,0
2021-12-13,19.290001,21.18,18.959999,20.309999,20.309999,0
2021-12-14,19.67,23,19.67,21.889999,21.889999,0
2021-12-15,21.6,23.469999,19.02,19.290001,19.290001,0
2021-12-16,18.559999,22.129999,18.190001,20.57,20.57,0
2021-12-17,20.700001,23.26,20.49,21.57,21.57,0
2021-12-20,25.889999,27.389999,22.85,22.870001,22.870001,0
2021-12-21,22.280001,22.68,20.9,21.01,21.01,0
2021-12-22,21.040001,21.360001,18.59,18.629999,18.629999,0
2021-12-23,18.809999,18.93,17.620001,17.959999,17.959999,0
2021-12-24,null,null,null,null,null,null
2021-12-27,19.370001,19.41,17.549999,17.68,17.68,0
2021-12-28,17.780001,18.469999,17.51,17.540001,17.540001,0
2021-12-29,17.629999,18,16.709999,16.950001,16.950001,0
2021-12-30,17.299999,17.790001,16.620001,17.33,17.33,0
2021-12-31,17.629999,18.27,16.99,17.219999,17.219999,0
2022-01-03,17.6,18.540001,16.559999,16.6,16.6,0
2022-01-04,16.57,17.809999,16.34,16.91,16.91,0
2022-01-05,17.07,20.17,16.58,19.73,19.73,0
2022-01-06,20.290001,21.059999,19.08,19.610001,19.610001,0
2022-01-07,19.85,20.799999,18.57,18.76,18.76,0
2022-01-10,19.58,23.33,19.290001,19.4,19.4,0
2022-01-11,19.620001,21,18.200001,18.41,18.41,0
2022-01-12,18.17,18.690001,17.360001,17.620001,17.620001,0
2022-01-13,18.059999,20.610001,17.450001,20.309999,20.309999,0
2022-01-14,20.110001,22.07,19.049999,19.190001,19.190001,0
2022-01-17,null,null,null,null,null,null
2022-01-18,21.18,23.200001,21.18,22.790001,22.790001,0
2022-01-19,23.120001,23.99,21.85,23.85,23.85,0
2022-01-20,23.459999,25.889999,21.68,25.59,25.59,0
2022-01-21,25.379999,29.790001,25.309999,28.85,28.85,0
2022-01-24,28.200001,38.939999,28.02,29.9,29.9,0
2022-01-25,32.290001,35.849998,29.129999,31.16,31.16,0
2022-01-26,29.35,33.040001,26.9,31.959999,31.959999,0
2022-01-27,32.189999,33,28.42,30.49,30.49,0
2022-01-28,30.27,32.82,27.280001,27.66,27.66,0
2022-01-31,28.360001,29.41,24.709999,24.83,24.83,0
2022-02-01,24.57,25.33,21.959999,21.959999,21.959999,0
2022-02-02,21.559999,22.73,20.459999,22.09,22.09,0
2022-02-03,22.629999,25.809999,22.299999,24.35,24.35,0
2022-02-04,23.77,26.26,22.07,23.219999,23.219999,0
2022-02-07,24.09,24.82,22.02,22.860001,22.860001,0
2022-02-08,23.09,23.48,21.32,21.440001,21.440001,0
2022-02-09,21.27,21.299999,19.93,19.959999,19.959999,0
2022-02-10,20.370001,24.77,20.18,23.91,23.91,0
2022-02-11,24.389999,30.99,23.33,27.360001,27.360001,0
2022-02-14,29.17,32.040001,28.33,28.33,28.33,0
2022-02-15,28.09,28.09,25.33,25.700001,25.700001,0
2022-02-16,25.190001,27.09,23.879999,24.290001,24.290001,0
2022-02-17,24.83,28.370001,24.76,28.110001,28.110001,0
2022-02-18,26.66,29.709999,26.379999,27.75,27.75,0
2022-02-21,null,null,null,null,null,null
2022-02-22,31.799999,32.040001,28.4,28.809999,28.809999,0
2022-02-23,28.040001,31.07,27.200001,31.02,31.02,0
2022-02-24,37.5,37.790001,29.450001,30.32,30.32,0
2022-02-25,31.68,32,26.93,27.59,27.59,0
2022-02-28,32.439999,33.509998,28.43,30.15,30.15,0
2022-03-01,29.450001,35.189999,29.440001,33.32,33.32,0
2022-03-02,34.200001,34.41,30.120001,30.74,30.74,0
2022-03-03,30.52,32.009998,29.309999,30.48,30.48,0
2022-03-04,31.9,34.650002,31.469999,31.98,31.98,0
2022-03-07,35.880001,36.549999,32.59,36.450001,36.450001,0
2022-03-08,36.189999,37.52,32.779999,35.130001,35.130001,0
2022-03-09,33.740002,34.119999,31.389999,32.450001,32.450001,0
2022-03-10,33.029999,34.029999,30.23,30.23,30.23,0
2022-03-11,30.43,31.040001,28.84,30.75,30.75,0
2022-03-14,31.030001,33.18,30.059999,31.77,31.77,0
2022-03-15,33.130001,33.830002,29.57,29.83,29.83,0
2022-03-16,29.02,29.799999,26.290001,26.67,26.67,0
2022-03-17,26.51,27.469999,25.25,25.67,25.67,0
2022-03-18,26.360001,26.82,23.85,23.870001,23.870001,0
2022-03-21,25.139999,25.360001,22.99,23.530001,23.530001,0
2022-03-22,24.02,24.02,22.700001,22.940001,22.940001,0
2022-03-23,23.040001,24.030001,22.639999,23.57,23.57,0
2022-03-24,23.610001,23.790001,21.49,21.67,21.67,0
2022-03-25,21.870001,22.860001,20.799999,20.809999,20.809999,0
2022-03-28,22.139999,23.33,19.540001,19.629999,19.629999,0
2022-03-29,19.700001,19.73,18.67,18.9,18.9,0
2022-03-30,19.379999,20.51,18.719999,19.33,19.33,0
2022-03-31,19.68,21.48,19.540001,20.559999,20.559999,0
2022-04-01,20.620001,20.860001,19.41,19.629999,19.629999,0
2022-04-04,20.75,20.780001,18.450001,18.57,18.57,0
2022-04-05,18.790001,21.57,18.549999,21.030001,21.030001,0
2022-04-06,21.27,24.780001,21.24,22.1,22.1,0
2022-04-07,21.969999,23.82,21.120001,21.549999,21.549999,0
2022-04-08,21.25,22.34,20.280001,21.16,21.16,0
2022-04-11,23.09,24.42,22.09,24.370001,24.370001,0
2022-04-12,24.940001,25.379999,22.27,24.26,24.26,0
2022-04-13,23.52,24.450001,21.370001,21.82,21.82,0
2022-04-14,21.719999,22.700001,20.85,22.700001,22.700001,0
2022-04-15,null,null,null,null,null,null
2022-04-18,24.52,24.6,21.98,22.17,22.17,0
2022-04-19,22.549999,22.92,20.360001,21.370001,21.370001,0
2022-04-20,21.129999,21.32,19.75,20.32,20.32,0
2022-04-21,20.24,23.280001,19.809999,22.68,22.68,0
2022-04-22,22.709999,28.27,22.620001,28.209999,28.209999,0
2022-04-25,30.040001,31.6,26.799999,27.02,27.02,0
2022-04-26,27.379999,33.810001,27.059999,33.52,33.52,0
2022-04-27,31.110001,32.77,29.82,31.6,31.6,0
2022-04-28,29.91,32,28,29.99,29.99,0
2022-04-29,28.969999,34.34,28.540001,33.400002,33.400002,0
2022-05-02,33.349998,36.639999,31.74,32.34,32.34,0
2022-05-03,31.76,32.82,29.059999,29.25,29.25,0
2022-05-04,29.120001,29.42,24.940001,25.42,25.42,0
2022-05-05,25.969999,33.200001,25.780001,31.200001,31.200001,0
2022-05-06,32.23,35.34,29.83,30.190001,30.190001,0
2022-05-09,31.9,35.48,31.9,34.75,34.75,0
2022-05-10,33.66,34.84,32.240002,32.990002,32.990002,0
2022-05-11,32.869999,34.389999,30.690001,32.560001,32.560001,0
2022-05-12,33.740002,34.759998,31.700001,31.77,31.77,0
2022-05-13,31.09,31.200001,28.780001,28.870001,28.870001,0
2022-05-16,30.01,30.23,27.360001,27.469999,27.469999,0
2022-05-17,27.07,27.17,25.51,26.1,26.1,0
2022-05-18,26.74,31.49,26.209999,30.959999,30.959999,0
2022-05-19,31.24,33.110001,29.059999,29.35,29.35,0
2022-05-20,28.780001,32.91,28.059999,29.43,29.43,0
2022-05-23,28.98,30.389999,28.290001,28.48,28.48,0
2022-05-24,29.43,31.07,29.040001,29.450001,29.450001,0
2022-05-25,29.33,30.23,28.16,28.370001,28.370001,0
2022-05-26,28.42,28.459999,27.110001,27.5,27.5,0
2022-05-27,27.5,27.540001,25.57,25.719999,25.719999,0
2022-05-30,null,null,null,null,null,null
2022-05-31,27.469999,28.35,25.940001,26.190001,26.190001,0
2022-06-01,26.049999,27.73,25.379999,25.690001,25.690001,0
2022-06-02,25.73,26.5,24.33,24.719999,24.719999,0
2022-06-03,24.91,25.959999,24.76,24.790001,24.790001,0
2022-06-06,25.370001,25.809999,24.82,25.07,25.07,0
2022-06-07,25.540001,26.24,23.879999,24.02,24.02,0
2022-06-08,24.370001,24.780001,23.74,23.959999,23.959999,0
2022-06-09,24.290001,26.24,23.82,26.09,26.09,0
2022-06-10,26.26,29.629999,26.049999,27.75,27.75,0
2022-06-13,31.370001,35.049999,31.290001,34.02,34.02,0
2022-06-14,33.009998,34,32.060001,32.689999,32.689999,0
2022-06-15,32.389999,32.77,27.76,29.620001,29.620001,0
2022-06-16,30.35,34.82,30.35,32.950001,32.950001,0
2022-06-17,32.84,33.310001,30.469999,31.129999,31.129999,0
2022-06-20,null,null,null,null,null,null
2022-06-21,30.629999,30.65,29.33,30.190001,30.190001,0
2022-06-22,31.450001,31.57,28.780001,28.950001,28.950001,0
2022-06-23,29.290001,29.77,28.74,29.049999,29.049999,0
2022-06-24,29.07,29.719999,26.83,27.23,27.23,0
2022-06-27,28.299999,28.66,26.93,26.950001,26.950001,0
2022-06-28,26.9,28.68,26.469999,28.360001,28.360001,0
2022-06-29,28.799999,29.360001,27.85,28.16,28.16,0
2022-06-30,29.42,30.219999,28.280001,28.709999,28.709999,0
2022-07-01,29.530001,29.59,26.690001,26.700001,26.700001,0
2022-07-04,null,null,null,null,null,null
2022-07-05,27.370001,29.82,27.299999,27.540001,27.540001,0
2022-07-06,27.84,28.07,26.43,26.73,26.73,0
2022-07-07,26.73,26.790001,25.66,26.08,26.08,0
2022-07-08,26.41,26.610001,24.43,24.639999,24.639999,0
2022-07-11,26.42,26.74,25.790001,26.17,26.17,0
2022-07-12,27.139999,27.75,25.82,27.290001,27.290001,0
2022-07-13,27.35,29.059999,26.23,26.82,26.82,0
2022-07-14,27.469999,28.450001,26.200001,26.4,26.4,0
2022-07-15,26.719999,26.719999,24.129999,24.23,24.23,0
2022-07-18,24.83,25.91,24.379999,25.299999,25.299999,0
2022-07-19,25.120001,25.41,24.23,24.5,24.5,0
2022-07-20,24.23,24.73,23.4,23.879999,23.879999,0
2022-07-21,24.07,24.67,22.92,23.110001,23.110001,0
2022-07-22,23.299999,23.809999,22.41,23.030001,23.030001,0
2022-07-25,24.33,24.57,23.190001,23.360001,23.360001,0
2022-07-26,23.950001,25.309999,23.82,24.690001,24.690001,0
2022-07-27,24.27,24.41,23.02,23.24,23.24,0
2022-07-28,23.33,23.540001,22.219999,22.33,22.33,0
2022-07-29,22.129999,22.16,21.209999,21.33,21.33,0
2022-08-01,22.41,23.27,22.26,22.84,22.84,0
2022-08-02,24.08,24.68,22.67,23.93,23.93,0
2022-08-03,23.860001,23.92,21.68,21.950001,21.950001,0
2022-08-04,22.059999,22.66,21.440001,21.440001,21.440001,0
2022-08-05,21.5,22.58,20.76,21.15,21.15,0
2022-08-08,21.74,22.01,20.83,21.290001,21.290001,0
2022-08-09,21.41,22.23,21.41,21.77,21.77,0
2022-08-10,22.280001,22.34,19.540001,19.74,19.74,0
2022-08-11,19.84,20.85,19.709999,20.200001,20.200001,0
2022-08-12,20.34,20.35,19.120001,19.530001,19.530001,0
2022-08-15,20.74,21.16,19.809999,19.950001,19.950001,0
2022-08-16,20.23,20.389999,19.5,19.690001,19.690001,0
2022-08-17,19.74,20.629999,19.41,19.9,19.9,0
2022-08-18,20.51,20.610001,19.43,19.559999,19.559999,0
2022-08-19,20.16,21.27,20.08,20.6,20.6,0
2022-08-22,22.41,24.620001,22.389999,23.799999,23.799999,0
2022-08-23,24.129999,24.209999,23.07,24.110001,24.110001,0
2022-08-24,24.370001,24.860001,22.73,22.82,22.82,0
2022-08-25,22.41,23.129999,21.77,21.780001,21.780001,0
2022-08-26,22.07,25.9,21.67,25.559999,25.559999,0
2022-08-29,26.860001,27.67,25.469999,26.209999,26.209999,0
2022-08-30,25.75,27.690001,25.129999,26.209999,26.209999,0
2022-08-31,25.860001,26.620001,25.309999,25.870001,25.870001,0
2022-09-01,26.879999,27.450001,25.25,25.559999,25.559999,0
2022-09-02,25.51,26.280001,23.190001,25.469999,25.469999,0
2022-09-05,null,null,null,null,null,null
2022-09-06,25.459999,27.799999,25.33,26.91,26.91,0
2022-09-07,26.93,27.15,24.540001,24.639999,24.639999,0
2022-09-08,24.700001,25.9,23.559999,23.610001,23.610001,0
2022-09-09,23.49,23.57,22.639999,22.790001,22.790001,0
2022-09-12,23.58,24.23,23.16,23.870001,23.870001,0
2022-09-13,23.67,28.15,23.530001,27.27,27.27,0
2022-09-14,26.73,27.559999,26.16,26.16,26.16,0
2022-09-15,26.1,26.93,25.42,26.27,26.27,0
2022-09-16,27.469999,28.450001,26.139999,26.299999,26.299999,0
2022-09-19,27.690001,27.950001,25.559999,25.76,25.76,0
2022-09-20,25.65,27.809999,25.610001,27.16,27.16,0
2022-09-21,28.030001,30.18,25.549999,27.99,27.99,0
2022-09-22,28.16,28.379999,26.709999,27.35,27.35,0
2022-09-23,27.68,32.310001,27.58,29.92,29.92,0
2022-09-26,31.74,32.880001,29.83,32.259998,32.259998,0
2022-09-27,31.200001,34.139999,30.299999,32.599998,32.599998,0
2022-09-28,34.5,34.880001,30.030001,30.18,30.18,0
2022-09-29,31.67,33.459999,31.16,31.84,31.84,0
2022-09-30,31.610001,33.25,29.389999,31.620001,31.620001,0
2022-10-03,33,33.060001,29.629999,30.1,30.1,0
2022-10-04,29.52,29.620001,28.559999,29.07,29.07,0
2022-10-05,29.360001,30.110001,28.5,28.549999,28.549999,0
2022-10-06,28.6,30.74,28.559999,30.52,30.52,0
2022-10-07,30.370001,32.02,29.879999,31.360001,31.360001,0
2022-10-10,32.93,33.990002,32.049999,32.450001,32.450001,0
2022-10-11,33.560001,34.43,32.450001,33.630001,33.630001,0
2022-10-12,33.540001,34.529999,33.110001,33.57,33.57,0
2022-10-13,33.599998,33.869999,31.629999,31.940001,31.940001,0
2022-10-14,31.889999,32.98,31.139999,32.02,32.02,0
2022-10-17,32.27,32.59,30.700001,31.370001,31.370001,0
2022-10-18,31.1,31.93,30.42,30.5,30.5,0
2022-10-19,30.940001,31.9,30.76,30.76,30.76,0
2022-10-20,31.299999,31.32,29.76,29.98,29.98,0
2022-10-21,30.209999,30.440001,29.24,29.690001,29.690001,0
2022-10-24,30.65,30.950001,29.780001,29.85,29.85,0
2022-10-25,29.799999,30,28.219999,28.459999,28.459999,0
2022-10-26,28.440001,28.52,27.27,27.280001,27.280001,0
2022-10-27,27.51,27.67,26.940001,27.389999,27.389999,0
2022-10-28,27.43,27.59,25.75,25.75,25.75,0
2022-10-31,26.91,27.07,25.84,25.879999,25.879999,0
2022-11-01,25.959999,26.35,25.66,25.809999,25.809999,0
2022-11-02,26.040001,26.620001,25.389999,25.860001,25.860001,0
2022-11-03,25.98,26.870001,25.1,25.299999,25.299999,0
2022-11-04,25.629999,25.709999,24,24.549999,24.549999,0
2022-11-07,25.67,25.67,24.34,24.35,24.35,0
2022-11-08,24.709999,26.16,24.24,25.540001,25.540001,0
2022-11-09,25.34,26.35,25.02,26.09,26.09,0
2022-11-10,26.51,26.59,22.84,23.530001,23.530001,0
2022-11-11,23.889999,23.91,22.370001,22.52,22.52,0
2022-11-14,23.99,24.33,22.860001,23.73,23.73,0
2022-11-15,23.77,26.219999,23.18,24.540001,24.540001,0
2022-11-16,24.290001,24.719999,23.99,24.110001,24.110001,0
2022-11-17,24.049999,25.18,23.809999,23.93,23.93,0
2022-11-18,24.030001,24.120001,22.98,23.120001,23.120001,0
2022-11-21,24.049999,24.120001,22.299999,22.360001,22.360001,0
2022-11-22,22.59,22.709999,21.280001,21.290001,21.290001,0
2022-11-23,21.49,21.780001,20.32,20.35,20.35,0
2022-11-24,null,null,null,null,null,null
2022-11-25,20.610001,21.110001,20.459999,20.5,20.5,0
2022-11-28,22.09,22.5,21.65,22.209999,22.209999,0
2022-11-29,22.09,22.57,21.83,21.889999,21.889999,0
2022-11-30,21.700001,22.629999,20.309999,20.58,20.58,0
2022-12-01,20.83,21.059999,19.799999,19.84,19.84,0
2022-12-02,20.42,20.959999,18.950001,19.059999,19.059999,0
2022-12-05,20.299999,21.290001,19.780001,20.75,20.75,0
2022-12-06,20.690001,22.6,20.379999,22.17,22.17,0
2022-12-07,22.32,23.01,22.18,22.68,22.68,0
2022-12-08,22.809999,23.280001,22.059999,22.290001,22.290001,0
2022-12-09,22.549999,23.209999,22.18,22.83,22.83,0
2022-12-12,24.4,25.049999,24.18,25,25,0
2022-12-13,25.24,25.84,21.459999,22.549999,22.549999,0
2022-12-14,22.83,23.469999,21.07,21.139999,21.139999,0
2022-12-15,21.52,23.67,21.25,22.83,22.83,0
2022-12-16,23.26,23.83,22.09,22.620001,22.620001,0
2022-12-19,22.629999,22.860001,21.610001,22.42,22.42,0
2022-12-20,23.17,23.389999,21.35,21.48,21.48,0
2022-12-21,21.25,21.290001,19.940001,20.07,20.07,0
2022-12-22,20.08,24.299999,20.01,21.969999,21.969999,0
2022-12-23,22.17,22.639999,20.780001,20.870001,20.870001,0
2022-12-26,null,null,null,null,null,null
2022-12-27,21.67,22.799999,21.59,21.65,21.65,0
2022-12-28,21.469999,22.26,20.959999,22.139999,22.139999,0
2022-12-29,22.25,22.309999,21.360001,21.440001,21.440001,0
2022-12-30,21.83,22.4,21.59,21.67,21.67,0
2023-01-02,null,null,null,null,null,null
2023-01-03,23.09,23.76,22.73,22.9,22.9,0
2023-01-04,22.93,23.27,21.940001,22.01,22.01,0
2023-01-05,22.200001,22.92,21.969999,22.459999,22.459999,0
2023-01-06,22.690001,22.9,21,21.129999,21.129999,0
2023-01-09,21.75,21.98,21.27,21.969999,21.969999,0
2023-01-10,22.219999,22.459999,20.58,20.58,20.58,0
2023-01-11,20.799999,21.25,20.620001,21.09,21.09,0
2023-01-12,21.559999,21.799999,18.83,18.83,18.83,0
2023-01-13,19,19.41,18.01,18.35,18.35,0
2023-01-16,null,null,null,null,null,null
2023-01-17,19.889999,20.219999,19.209999,19.360001,19.360001,0
2023-01-18,19.280001,20.58,18.709999,20.34,20.34,0
2023-01-19,20.43,21.709999,20.17,20.52,20.52,0
2023-01-20,20.280001,20.700001,19.41,19.85,19.85,0
2023-01-23,20.209999,20.33,19.549999,19.809999,19.809999,0
2023-01-24,19.889999,20.469999,18.91,19.200001,19.200001,0
2023-01-25,19.559999,20.9,18.99,19.08,19.08,0
2023-01-26,19.049999,19.48,18.67,18.73,18.73,0
2023-01-27,18.9,19,17.969999,18.51,18.51,0
2023-01-30,19.76,20.25,19.540001,19.940001,19.940001,0
2023-01-31,20.120001,20.700001,19.129999,19.4,19.4,0
2023-02-01,19.620001,20.040001,17.700001,17.870001,17.870001,0
2023-02-02,17.74,19.25,17.059999,18.73,18.73,0
2023-02-03,18.57,19.299999,17.93,18.33,18.33,0
2023-02-06,19.23,19.809999,19.209999,19.43,19.43,0
2023-02-07,19.540001,19.99,18.43,18.66,18.66,0
2023-02-08,18.879999,20.120001,18.549999,19.629999,19.629999,0
2023-02-09,19.24,21.08,19.02,20.709999,20.709999,0
2023-02-10,20.74,21.940001,20.440001,20.530001,20.530001,0
2023-02-13,21.66,21.690001,20.33,20.34,20.34,0
2023-02-14,20.719999,20.75,18.48,18.91,18.91,0
2023-02-15,19.370001,19.41,18.110001,18.23,18.23,0
2023-02-16,18.26,20.27,18.23,20.17,20.17,0
2023-02-17,20.940001,21.299999,19.82,20.02,20.02,0
2023-02-20,null,null,null,null,null,null
2023-02-21,21.799999,23.34,21.799999,22.870001,22.870001,0
2023-02-22,23.030001,23.629999,22.02,22.290001,22.290001,0
2023-02-23,21.959999,22.43,20.889999,21.139999,21.139999,0
2023-02-24,21.35,22.9,21.32,21.67,21.67,0
2023-02-27,21.99,22.02,20.68,20.950001,20.950001,0
2023-02-28,21.299999,21.370001,20.1,20.700001,20.700001,0
2023-03-01,20.389999,21.32,20.219999,20.58,20.58,0
2023-03-02,21.41,21.42,19.549999,19.59,19.59,0
2023-03-03,19.76,19.76,18.16,18.49,18.49,0
2023-03-06,19.049999,19.190001,18.49,18.610001,18.610001,0
2023-03-07,18.639999,19.74,18.51,19.59,19.59,0
2023-03-08,19.709999,20.01,19,19.110001,19.110001,0
2023-03-09,19.33,23.139999,18.879999,22.610001,22.610001,0
2023-03-10,23.34,28.969999,21.790001,24.799999,24.799999,0
2023-03-13,24.049999,30.809999,23.85,26.52,26.52,0
2023-03-14,26.85,27.24,22.27,23.73,23.73,0
2023-03-15,23.209999,29.91,23.190001,26.139999,26.139999,0
2023-03-16,26.190001,27.49,22.969999,22.99,22.99,0
2023-03-17,22.92,26.139999,22.58,25.51,25.51,0
2023-03-20,27.77,28.91,24,24.15,24.15,0
2023-03-21,24.16,24.16,21.290001,21.379999,21.379999,0
2023-03-22,21.799999,22.379999,19.940001,22.26,22.26,0
2023-03-23,21.540001,24.91,20.16,22.610001,22.610001,0
2023-03-24,22.110001,25.209999,21.6,21.74,21.74,0
2023-03-27,22.049999,22.93,20.57,20.6,20.6,0
2023-03-28,20.530001,21.4,19.91,19.969999,19.969999,0
2023-03-29,19.389999,19.450001,19.09,19.120001,19.120001,0
2023-03-30,19.120001,20.08,18.85,19.02,19.02,0
2023-03-31,19.209999,19.43,18.52,18.700001,18.700001,0
2023-04-03,19.790001,19.83,18.540001,18.549999,18.549999,0
2023-04-04,18.790001,20.030001,18.58,19,19,0
2023-04-05,19.42,20.08,19,19.08,19.08,0
2023-04-06,19.299999,19.879999,18.35,18.4,18.4,0
2023-04-07,null,null,null,null,null,null
2023-04-10,19.389999,20.049999,18.93,18.969999,18.969999,0
2023-04-11,19.08,19.280001,18.559999,19.1,19.1,0
2023-04-12,19.379999,19.98,18.25,19.09,19.09,0
2023-04-13,18.83,19.059999,17.77,17.799999,17.799999,0
2023-04-14,17.940001,18.120001,17.07,17.07,17.07,0
2023-04-17,17.58,17.790001,16.9,16.950001,16.950001,0
2023-04-18,16.940001,17.34,16.58,16.83,16.83,0
2023-04-19,17.299999,17.719999,16.17,16.459999,16.459999,0
2023-04-20,16.85,17.690001,16.33,17.17,17.17,0
2023-04-21,17.51,17.709999,16.58,16.77,16.77,0
2023-04-24,18.219999,18.24,16.74,16.889999,16.889999,0
2023-04-25,17.620001,19.860001,17.33,18.76,18.76,0
2023-04-26,18.66,19.610001,17.870001,18.84,18.84,0
2023-04-27,18.43,18.43,16.719999,17.030001,17.030001,0
2023-04-28,17.209999,17.65,15.72,15.78,15.78,0
2023-05-01,16.41,16.620001,15.53,16.08,16.08,0
2023-05-02,16.27,19.809999,16.26,17.780001,17.780001,0
2023-05-03,17.82,18.83,17.190001,18.34,18.34,0
2023-05-04,19.17,21.33,18.67,20.09,20.09,0
2023-05-05,19.5,19.629999,16.690001,17.190001,17.190001,0
2023-05-08,17.73,17.879999,16.83,16.98,16.98,0
2023-05-09,17.290001,17.860001,17.219999,17.709999,17.709999,0
2023-05-10,17.58,18.309999,16.360001,16.940001,16.940001,0
2023-05-11,16.799999,18.190001,16.629999,16.93,16.93,0
2023-05-12,16.83,17.92,16.379999,17.030001,17.030001,0
2023-05-15,17.440001,18.16,17.08,17.120001,17.120001,0
2023-05-16,17.540001,18.299999,17.26,17.99,17.99,0
2023-05-17,17.959999,18.26,16.68,16.870001,16.870001,0
2023-05-18,16.92,17.15,16.049999,16.049999,16.049999,0
2023-05-19,16.129999,17.360001,15.85,16.809999,16.809999,0
2023-05-22,17.450001,18.129999,16.82,17.209999,17.209999,0
2023-05-23,17.35,19.309999,17.299999,18.530001,18.530001,0
2023-05-24,18.799999,20.809999,18.799999,20.030001,20.030001,0
2023-05-25,19.540001,19.950001,18.700001,19.139999,19.139999,0
2023-05-26,19.07,19.559999,17.27,17.950001,17.950001,0
2023-05-29,null,null,null,null,null,null
2023-05-30,17.559999,18.34,16.98,17.459999,17.459999,0
2023-05-31,18.040001,18.4,17.120001,17.940001,17.940001,0
2023-06-01,17.24,17.59,15.58,15.65,15.65,0
2023-06-02,15.65,15.65,14.42,14.6,14.6,0
2023-06-05,15.28,15.29,14.66,14.73,14.73,0
2023-06-06,14.91,14.97,13.95,13.96,13.96,0
2023-06-07,14.14,14.29,13.77,13.94,13.94,0
2023-06-08,14.14,14.21,13.53,13.65,13.65,0
2023-06-09,13.78,14.14,13.5,13.83,13.83,0
2023-06-12,14.44,15.02,14.32,15.01,15.01,0
2023-06-13,14.99,15.06,14.47,14.61,14.61,0
2023-06-14,14.48,14.73,13.83,13.88,13.88,0
2023-06-15,14.09,14.52,13.79,14.5,14.5,0
2023-06-16,14.49,14.54,13.48,13.54,13.54,0
2023-06-19,null,null,null,null,null,null
2023-06-20,14.36,14.67,13.86,13.88,13.88,0
2023-06-21,13.88,13.89,13.1,13.2,13.2,0
2023-06-22,13.88,13.98,12.73,12.91,12.91,0
2023-06-23,13.24,13.8,12.88,13.44,13.44,0
2023-06-26,14.43,14.71,13.78,14.25,14.25,0
2023-06-27,14.11,14.34,13.59,13.74,13.74,0
2023-06-28,13.9,13.96,13.36,13.43,13.43,0
2023-06-29,13.64,13.85,13.41,13.54,13.54,0
2023-06-30,13.51,13.59,12.96,13.59,13.59,0
2023-07-03,13.85,13.85,13.47,13.57,13.57,0
2023-07-04,null,null,null,null,null,null
2023-07-05,14.19,14.74,14.05,14.18,14.18,0
2023-07-06,14.85,17.08,14.79,15.44,15.44,0
2023-07-07,15.97,16.059999,14.33,14.83,14.83,0
2023-07-10,16.08,16.209999,15.04,15.07,15.07,0
2023-07-11,15.02,15.25,14.63,14.84,14.84,0
2023-07-12,14.82,14.82,13.51,13.54,13.54,0
2023-07-13,13.44,13.61,13.12,13.61,13.61,0
2023-07-14,13.72,13.76,13.22,13.34,13.34,0
2023-07-17,13.78,14,13.43,13.48,13.48,0
2023-07-18,13.61,13.67,13.29,13.3,13.3,0
2023-07-19,13.32,13.84,13.12,13.76,13.76,0
2023-07-20,13.96,14.23,13.58,13.99,13.99,0
2023-07-21,13.87,13.89,13.37,13.6,13.6,0
2023-07-24,14.29,14.3,13.73,13.91,13.91,0
2023-07-25,14.02,14.09,13.82,13.86,13.86,0
2023-07-26,13.86,14.16,13.15,13.19,13.19,0
2023-07-27,13.14,15.02,12.74,14.41,14.41,0
2023-07-28,14.03,14.18,13.27,13.33,13.33,0
2023-07-31,13.98,14.09,13.57,13.63,13.63,0
2023-08-01,13.75,14.3,13.75,13.93,13.93,0
2023-08-02,15.7,16.48,14.95,16.09,16.09,0
2023-08-03,16.77,17.42,15.72,15.92,15.92,0
2023-08-04,16.01,17.389999,14.57,17.1,17.1,0
2023-08-07,16.9,17.360001,15.77,15.77,15.77,0
2023-08-08,16.280001,18.139999,15.96,15.99,15.99,0
2023-08-09,15.81,16.870001,15.38,15.96,15.96,0
2023-08-10,15.58,16.860001,14.6,15.85,15.85,0
2023-08-11,15.53,16.51,14.84,14.84,14.84,0
2023-08-14,15.88,16.059999,14.77,14.82,14.82,0
2023-08-15,14.95,16.57,14.91,16.459999,16.459999,0
2023-08-16,16.540001,16.93,15.8,16.780001,16.780001,0
2023-08-17,16.959999,18.129999,16.4,17.889999,17.889999,0
2023-08-18,17.799999,18.879999,17.139999,17.299999,17.299999,0
2023-08-21,18.030001,18.110001,16.879999,17.129999,17.129999,0
2023-08-22,16.959999,17.58,16.610001,16.969999,16.969999,0
2023-08-23,16.639999,17.1,15.91,15.98,15.98,0
2023-08-24,15.57,17.32,15.48,17.200001,17.200001,0
2023-08-25,17.209999,17.360001,15.45,15.68,15.68,0
2023-08-28,16.24,16.280001,15,15.08,15.08,0
